CALLSIGN,WKT,SIGNAL
EOC_NCO,"LINESTRING(40.21293984 -77.16001461,40.21293984 -77.16001461)",GOOD
W3AND,"LINESTRING(-77.16001461 40.21293984 , -76.944725 40.218594 )",GOOD
WB3FNJ,"LINESTRING(-77.16001461 40.21293984 , -77.168606 40.265678 )",GOOD
KC3WUJ,"LINESTRING(-77.16001461 40.21293984 , -77.127542 40.184962 )",GOOD
K3EJP,"LINESTRING(40.21293984 -77.16001461,40.108219 -77.050755)",GOOD
KG3SKY,"LINESTRING(40.21293984 -77.16001461,40.22607 -77.34624)",GOOD
N3UTN,"LINESTRING(40.21293984 -77.16001461,40.1120348 -77.1928501)",GOOD
N3OFI,"LINESTRING(40.21293984 -77.16001461,40.154189 -77.059857)",GOOD
KC3RTP,"LINESTRING(40.21293984 -77.16001461,39.9862336 -77.0343038)",GOOD
KC3DRU,"LINESTRING(40.21293984 -77.16001461,40.090881 -77.0672619)",GOOD
KC3ZPB,"LINESTRING(40.21293984 -77.16001461,40.25579 -77.1351)",GOOD
KC3YWX,"LINESTRING(40.21293984 -77.16001461,40.2410745 -77.1939764)",GOOD
AB3X,"LINESTRING(40.21293984 -77.16001461,40.1702 -77.2783)",GOOD
KC3UBZ,"LINESTRING(40.21293984 -77.16001461,39.9862336 -77.0343038)",GOOD
KD3ADX,"LINESTRING(40.21293984 -77.16001461,40.2147844 -76.9898531)",GOOD
KD3CSX,"LINESTRING(40.21293984 -77.16001461,40.237921 -76.9323577)",GOOD
N3RBG,"LINESTRING(40.21293984 -77.16001461,40.120317 -75.299968)",GOOD
KD3DEB,"LINESTRING(40.21293984 -77.16001461,40.182762 -76.9837168)",GOOD
KD3CAF,"LINESTRING(40.21293984 -77.16001461,40.2676994 -76.9624245)",GOOD
W3JKO,"LINESTRING(40.21293984 -77.16001461,40.1530104 -77.1117554)",GOOD
KD3DGQ,"LINESTRING(40.21293984 -77.16001461,40.2009676 -77.0241282)",GOOD
